#;HV0;HV1;HV2;HV3;HV4;HV5;HV6;HV7;
Statistics
Average;137365.45000;137390.68000;137397.18000;137403.70000;137351.15000;137415.19000;137436.04000;137429.92000;
Std Dev.;1.291317;1.489161;1.525647;1.500000;1.344433;1.566493;1.377824;1.460685;
Min;137363;137387;137394;137400;137348;137411;137432;137426;
Max;137369;137394;137403;137407;137355;137419;137440;137433;
Max-Min;6;7;9;7;7;8;8;7;
