#gain;offset;RT_min;RT_max
0.999885;2.877701;2233.719736;24529.41015
0.999674;6.578127;2233.719736;24521.01311
0.999632;5.952213;2233.719736;24524.82931
0.999603;3.32627;2233.996253;24524.82931
0.999979;4.19751;2234.272799;24521.01311
0.999481;8.622517;2234.549375;24525.59268
0.999346;6.351791;2233.996253;24527.88303
0.999371;9.072741;2233.719736;24524.82931