#;HV0;HV1;HV2;HV3;HV4;HV5;HV6;HV7;
Statistics
Average;12486.99000;12485.92000;12487.08000;12490.06000;12484.49000;12486.29000;12490.25000;12487.22000;
Std Dev.;1.195784;0.996795;1.163443;1.215072;1.081619;1.194111;0.993730;1.300615;
Min;12484;12484;12485;12488;12481;12484;12488;12484;
Max;12490;12489;12489;12494;12487;12489;12493;12490;
Max-Min;6;5;4;6;6;5;5;6;
